OBJECTID,NJEMS_PRID,NAME,ALT_NAME,STATUS,STAT_UPDT,DEMOLISHED,NHL,NHLDATE,NRDATE,SRDATE,DOEDATE,SHPODATE,COEDATE,LOCALDATE,POS_BEG,POS_END,NR_CRIT,NR_CRITCON,SRV_SHLFCD,SRV_NAME,SRV_DATE,SRV_REC,SRV_ID,SRVNJMPRID,SRV_MULT,MP_FORMAT,MP_NAME,INV_ID,NRIS_ID,LOC_RESTR,SRVDB_ID,HSI_NUM,DIGIDATE,DIGISTAFF,DIGICODE,DIGIPOST,DIGINOTE,BOUND_QUAL,LOC_QUAL,NOTES,X_COORD,Y_COORD,BUFFERDIST,GLOBALID,CREATED_USER,CREATED_DATE,LAST_EDITED_USER,LAST_EDITED_DATE,SHAPE_Length,SHAPE_Area
20,12307035,King's Bluff Historic District,,ELIGIBLE,1995/05/16 04:00:00+00,NO,NO,,,,,1995/05/16 04:00:00+00,,,,,,,,,,,,,,,,2883,,NO,,,2009/11/12 05:00:00+00,ARC,4,4,,MEDIUM,HIGH,,625400.8677787,705425.13613858,,{79B8D8B5-F78F-422D-AF7E-073476DA551B},BGISTASK,2022/09/24 08:04:34+00,BGISTASK,2022/09/24 08:04:34+00,4840.5037514277,524527.20593843
43,12306745,Hackensack River Lift Bridges Historic District,,ELIGIBLE,2002/05/03 04:00:00+00,NO,NO,,,,,2002/05/03 04:00:00+00,,,,,,,MULT F 584e,Feats of Engineering: Bridging the Hackensack River and Cutting Through Bergen Hill. Documentation for Three Historic Resources that Help Move Commerce and Commuters throughout the Port of New York and New Jersey,2019/05/07 04:00:00+00,[Historic documentation],13755,27768174,YES,,,3971,,NO,-554467524,,2019/10/31 04:00:00+00,ARC,7,4,See survey layer for multiple district-wide and structure-specific documentation produced as mitigation for the replacement of the Wittpen Bridge (Log #03-0374),HIGH,HIGH,,608358.89504526,695294.66404618,,{92068C6A-F4CB-48F2-8DE9-8514BC4AACBD},BGISTASK,2022/09/24 08:04:34+00,BGISTASK,2022/09/24 08:04:34+00,13545.7474888464,1717966.10240547
72,999000072,Statue of Liberty Enlightening the World,Statue of Liberty National Monument-Liberty Island ,LISTED,2017/09/14 04:00:00+00,NO,NO,,2017/09/14 04:00:00+00,,,,,,,,A C D,G,,,,,,,,,,5592,SG100000829,NO,,,2017/09/18 04:00:00+00,JMC,7,4,,HIGH,HIGH,"Project # 16-0913; Period of Significance: 1886-Present; 1000-450 B.P.; 1760-1910; see NR for 2 Islands ID # 1535",618217.05000514,676536.79350284,,{CD3B42F5-670B-481F-B2F8-92CA82400C59},BGISTASK,2022/09/24 08:04:34+00,BGISTASK,2022/09/24 08:04:34+00,4391.16185616549,645175.027801034
82,999000082,Willow Avenue Historic Distric,,IDENTIFIED,2017/01/26 05:00:00+00,NO,NO,,,,,,,,,,A   C,,HUD Z 323,"Historic Architectural Resources Background Study (HARBS) and Effects Assessment (EA): Hudson Tunnel Project, Town of Secaucus, Township of North Bergen, City of Union City, Township of Weehawken, and City of Hoboken, Hudson County, New Jersey",2017/01/26 05:00:00+00,Eligible,12888,25631189,UNK,,,,,NO,,,2017/03/17 04:00:00+00,JMC,7,4,,HIGH,HIGH,RGA 1,622771.41363455,701796.56987204,,{09BF4A6B-A363-4736-8618-04819637BBC7},BGISTASK,2022/09/24 08:04:34+00,BGISTASK,2022/09/24 08:04:34+00,1248.80594032307,48222.2581756412
113,999000113,Luis Munoz Marin Boulevard Streetscape,,IDENTIFIED,2018/10/01 04:00:00+00,NO,NO,,,,,,,,,,,,HUD AA 893a,"Cultural Resources Identification Report Addendum. Conrail Harsimus Branch Abandonment (STB Docket NOS. AB 167 (SUB No. 1189X), AB 55 (Sub-No.686X), and AB 290 (Sub-No. 306X),City of Jersey City, Hudson County, NJ.",2019/10/01 04:00:00+00,Not eligible,13709,27549319,YES,,,,,NO,,,2019/06/14 04:00:00+00,JMC,7,4,,HIGH,HIGH,"RGA 10; prior survey: HUD AA 893 v2 ID 13019: RGA 8",619361.83029509,688068.07312447,,{049D0364-6641-44E3-9212-C9AA2323C06E},BGISTASK,2022/09/24 08:04:34+00,BGISTASK,2022/09/24 08:04:34+00,1572.67247186925,86596.8574413161
114,999000114,Washington Street Commercial Historic District,,IDENTIFIED,2019/04/26 04:00:00+00,NO,NO,,,,,,,,,,,,HUD GB 306 v2,Intensive-Level Architectural Survey of the Hoboken Historic District: Historic District Overlay and Intensive-Level Architectural Survey Forms,2019/04/26 04:00:00+00,Not eligible,13674,27530175,UNK,,,,,NO,1088598721,,2019/06/07 04:00:00+00,JMC,7,4,,HIGH,HIGH,,622695.17864603,696429.86218418,,{747684A1-CBF0-44A8-BE48-DC8ABF3AF79D},BGISTASK,2022/09/24 08:04:34+00,BGISTASK,2022/09/24 08:04:34+00,15600.2259162519,1809052.83047388
118,999000118,Castle Point Terrace Historic District (Identified),,IDENTIFIED,2019/04/26 04:00:00+00,NO,NO,,,,,,,,,,A C,,HUD GB 306 v2,Intensive-Level Architectural Survey of the Hoboken Historic District: Historic District Overlay and Intensive-Level Architectural Survey Forms,2019/04/26 04:00:00+00,Eligible under Criterion A & C ,13674,27530175,UNK,,,,,NO,105392726,,2019/06/07 04:00:00+00,JMC,7,4,,HIGH,HIGH,,623537.16472252,697329.52325139,,{66627142-F126-4550-BFA1-013DC5B1C0C3},BGISTASK,2022/09/24 08:04:34+00,BGISTASK,2022/09/24 08:04:34+00,2830.68877300232,340456.48684116
120,999000120,Erie Railroad Bergen Archway Historic District,,ELIGIBLE,2000/04/27 04:00:00+00,NO,NO,,,,,2000/04/27 04:00:00+00,,,,,,,,,,,,,,,,4907,,NO,,,2010/07/19 04:00:00+00,WTR,4,4,,MEDIUM,MEDIUM,,614604.68893152,693231.63783797,,{26484800-EDFD-408E-AE8E-7AA16710C476},BGISTASK,2022/09/24 08:04:34+00,BGISTASK,2022/09/24 08:04:34+00,8311.14778250004,537943.760747797
122,999000122,Church Towers,400-536 Clinton Street,IDENTIFIED,2016/08/01 04:00:00+00,NO,NO,,,,,,,,,,,,HUD H 137 v2,"Cultural Resources Technical Environmental Study. Rebuild by Design: Resist, Delay, Store, Discharge Project, Cities of Hoboken, Weehawken and Jersey City, Hudson County New Jersey. Appendices. Vol. 2.",2016/08/01 04:00:00+00,Not eligible,11307,25634865,NO,,,,,NO,,,2016/10/06 04:00:00+00,JMC,7,4,,HIGH,HIGH,Ref. No. F-36,621212.60262106,696021.54871841,,{7A35A1C9-A164-4104-9CC6-A60BCE682928},BGISTASK,2022/09/24 08:04:34+00,BGISTASK,2022/09/24 08:04:34+00,2399.2595115208,222870.705499912
214,999000214,Hoboken Historic District Boundary Increase (Identified),,IDENTIFIED,2019/04/26 04:00:00+00,NO,NO,,,,,,,,,,C,,HUD GB 306 v2,Intensive-Level Architectural Survey of the Hoboken Historic District: Historic District Overlay and Intensive-Level Architectural Survey Forms,2019/04/26 04:00:00+00,Eligible under Criterion C ,13674,27530175,UNK,,,,,NO,-703539767,,2019/06/07 04:00:00+00,JMC,7,4,,HIGH,HIGH,7 areas of district's expansion ,622786.92753316,697285.44336042,,{921530DE-20DF-44F3-9827-D90EF0016F4E},BGISTASK,2022/09/24 08:04:34+00,BGISTASK,2022/09/24 08:04:34+00,7270.40138045135,697269.578968116
219,999000219,"Federal Shipbuilding and Dry Dock Company, Kearny Shipyard Historic District",,ELIGIBLE,2019/06/11 04:00:00+00,NO,NO,,,,,2019/06/11 04:00:00+00,,,,,,,HUD C 1145,"Phase II Evaluation of Eligibility Assessment of Effect Alternative Analysis & Mitigation Plan, Federal Shipbuilding and Dry Dock Company Shipyard Historic District, Kearny Point Industrial Park, Kearny, Hudson County, New Jersey",2014/06/10 04:00:00+00,"Criteria A & C; more research for Criterion D.",12587,25632142,UNK,,,5131,,NO,,,2019/06/21 04:00:00+00,JMC,7,4,,MEDIUM,HIGH,"Current SHPO Opinion reduced district's boundaries; Prior SHPO Opinion 12/23/2011; Report ID#12587 notes proposed flood control plan to raze all buildings, leave basins in place.",601690.08553241,690289.84795657,,{90DA7104-D6D7-415F-A403-C6F9373F03F9},BGISTASK,2022/09/24 08:04:34+00,BGISTASK,2022/09/24 08:04:34+00,5972.11715786086,1034427.79957815
220,999000220,"Federal Shipbuilding and Dry Dock Company, Kearny Shipyard Historic District  [INELIGIBLE AREAS]",,NOT_ELIGIBLE,2019/06/11 04:00:00+00,NO,NO,,,,,,,,,,,,HUD C 1145,"Phase II Evaluation of Eligibility Assessment of Effect Alternative Analysis & Mitigation Plan, Federal Shipbuilding and Dry Dock Company Shipyard Historic District, Kearny Point Industrial Park, Kearny, Hudson County, New Jersey",2014/06/10 04:00:00+00,"Criteria A & C; more research for Criterion D.",12587,25632142,UNK,,,,,NO,,,2019/06/21 04:00:00+00,JMC,7,4,,MEDIUM,HIGH,"No longe eligible areas of the district ID # 5131; Report ID#12587 notes proposed flood control plan to raze all buildings, leave basins in place.",601149.21583388,688619.7314079,,{CA1A69DD-E9D1-4148-A042-9311E1D079A6},BGISTASK,2022/09/24 08:04:34+00,BGISTASK,2022/09/24 08:04:34+00,9694.96230336765,5348843.94537856
235,12306909,P. Lorillard Company/American Can Company Historic District,,ELIGIBLE,1999/03/10 05:00:00+00,NO,NO,,,,,1999/03/10 05:00:00+00,,,,,,,HUD F 483 v2,"Reconnaissance/Intensive-Level Historic Architectural Survey, US Route 1 & 9 Truck Improvements Project, City of Jersey City, Hudson County, NJ",1999/04/01 04:00:00+00,Eligible under Criterion A & C ,7930,15469323,YES,,,214,,NO,,,2009/10/15 04:00:00+00,ARC,4,4,,MEDIUM,HIGH,,611740.56197454,693976.30502708,,{B17B72B3-4328-425F-9812-672FED8BC829},BGISTASK,2022/09/24 08:04:34+00,BGISTASK,2022/09/24 08:04:34+00,3379.1285148266,606637.816533266
258,999000258,Willow Terrace Historic District,,IDENTIFIED,2019/04/26 04:00:00+00,NO,NO,,,,,,,,,,A B C,,HUD GB 306 v2,Intensive-Level Architectural Survey of the Hoboken Historic District: Historic District Overlay and Intensive-Level Architectural Survey Forms,2019/04/26 04:00:00+00,"Eligible under Criterion A, B & C ",13674,27530175,UNK,,,,,NO,-399894927,,2019/06/07 04:00:00+00,JMC,7,4,,HIGH,HIGH,,621542.80507108,696637.83823819,,{CD5872E5-2DBC-4464-A8D1-7CB0BA004B58},BGISTASK,2022/09/24 08:04:34+00,BGISTASK,2022/09/24 08:04:34+00,1138.52325039276,77524.2383207577
267,12306323,Pennsylvania Railroad New York to Philadelphia Historic District,Northeast Corridor,ELIGIBLE,2015/01/14 05:00:00+00,NO,NO,,,,,2015/01/14 05:00:00+00,,,1835,1963,A C,,ESS C 1426,"City of Newark, Historic Architectural Resources Background Study for the Mulberry Commons Pedestrian Bridge Project.",2020/11/01 04:00:00+00,Eligible under Criteria A & C,14302,29815896,YES,,,4568,,NO,,,2019/06/06 04:00:00+00,KEC,9,4,"Updated to include Jersey City branch to its eastern limit as per B2009-137-PROD; Alignment  through Kearny rail yard is approximate.",MEDIUM,HIGH, See A2015-057-PROD: period of significance has been extended,525161.64821334,615597.92081879,,{D0BE2A9E-8FC0-431B-84A5-43CEE222F0B6},BGISTASK,2022/09/24 08:04:34+00,BGISTASK,2022/09/24 08:04:34+00,693187.550976267,45386515.9916283
268,999000268,Hudson and Manhattan Railroad Transit System [Historic District],PATH Railroad,ELIGIBLE,2002/03/04 05:00:00+00,NO,NO,,,,,2002/03/04 05:00:00+00,,,1908,,A B C,,,,,,,,,,,4103,,NO,,,2010/07/29 04:00:00+00,KEC,4,4,,MEDIUM,MEDIUM,,622195.2804,686201.2776,,{4A615505-13E1-42E4-B65D-C30FA3CEC0AD},BGISTASK,2022/09/24 08:04:34+00,BGISTASK,2022/09/24 08:04:34+00,52030.0073029749,2664942.054343
286,999000286,Passaic Valley Sewerage Commission Newark Bay Outfall Sewerage Works Historic District,,ELIGIBLE,2014/08/19 04:00:00+00,NO,NO,,,,,2014/08/19 04:00:00+00,,,1908,1958,,,MULT E 288,"Draft Historic Architecture Study Background Review and Field Reconnaissance, Remedial Design - Lower 8.3 Miles of the Lower Passaic River, Operable Unit Two of the Diamond Alkali Superfund Site in and about Essex, Hudson, Bergen, and Passaic Counties NJ",2018/04/01 04:00:00+00,"Eligible, Criterion A & C ",13372,26072260,YES,,,3135,,NO,,,2014/08/26 04:00:00+00,KEC,7,4,,HIGH,HIGH,prior survey: MULT Y 461 ID 11086,593916.48410489,685041.27046702,,{4705DC35-E33C-486F-91CF-4AE9DDC8E7BE},BGISTASK,2022/09/24 08:04:34+00,BGISTASK,2022/09/24 08:04:34+00,16629.6392934833,5455664.33746377
320,12312187,Morris Canal,,LISTED,1974/10/01 04:00:00+00,NO,NO,,1974/10/01 04:00:00+00,1973/11/26 05:00:00+00,,2004/04/27 04:00:00+00,,,1800,1899,,,ESS C 1426,"City of Newark, Historic Architectural Resources Background Study for the Mulberry Commons Pedestrian Bridge Project.",2020/11/01 04:00:00+00,Eligible,14302,,YES,,,2784,74002228,NO,,,2018/08/27 04:00:00+00,ARC,4,4,,MEDIUM,HIGH,"SHPO Opinion extends period of significance to 1930, see D2005-205-PROD; Prior survey: WAR GB 19 ID5833 & MOR K 194a ID13433",494877.20718865,723307.01080414,,{6430BC79-D053-464C-89BF-9ADAB2CD4B47},BGISTASK,2022/09/24 08:04:34+00,BGISTASK,2022/09/24 08:04:34+00,1176848.82314248,73847009.9046758
323,999000323,3rd Street Historic District,"3rd Street at Jefferson, Adams, Grand",IDENTIFIED,2016/08/01 04:00:00+00,NO,NO,,,,,,,,,,A C,,HUD H 137 v2,"Cultural Resources Technical Environmental Study. Rebuild by Design: Resist, Delay, Store, Discharge Project, Cities of Hoboken, Weehawken and Jersey City, Hudson County New Jersey. Appendices. Vol. 2.",2016/08/01 04:00:00+00,Eligible,11307,25634865,NO,,,,,NO,,,2016/10/06 04:00:00+00,JMC,7,4,,HIGH,HIGH,Ref. No. F-46,620493.02626521,695353.95745269,,{A0804D0A-59DB-4D60-87C5-061ADCA35DA7},BGISTASK,2022/09/24 08:04:34+00,BGISTASK,2022/09/24 08:04:34+00,2695.19675699006,244945.910152476
334,12306963,St. Ann's Polish Roman Catholic Church,,ELIGIBLE,1999/03/10 05:00:00+00,NO,NO,,,,,1999/03/10 05:00:00+00,,,,,,,HUD F 483 v2,"Reconnaissance/Intensive-Level Historic Architectural Survey, US Route 1 & 9 Truck Improvements Project, City of Jersey City, Hudson County, NJ",1999/04/01 04:00:00+00,Eligible under Criterion A,7930,15469323,YES,,,216,,NO,,,2009/10/27 04:00:00+00,ARC,7,4,,HIGH,HIGH,,612573.75836529,693946.26383705,,{35919C3C-8A4E-4F9D-A6A8-4C33BA348EBD},BGISTASK,2022/09/24 08:04:34+00,BGISTASK,2022/09/24 08:04:34+00,607.682124857254,17477.1942461083
350,999000350,Route 1 Extension [Pulaski Skyway],"Routes 1 & 9; US 1 & 9; State Route 25; State Route 139; Pulaski Skyway; New Jersey High-Level Viaduct",LISTED,2005/08/12 04:00:00+00,NO,NO,,2005/08/12 04:00:00+00,2005/06/13 04:00:00+00,,1983/08/04 04:00:00+00,,,1923,1932,A C,,,,,,,,,,,1526,05000880,NO,-1116693373,,2007/05/29 04:00:00+00,KEC,9,4,,MEDIUM,HIGH,,606560.5774,693313.0637,,{1D8A9843-BBED-4B65-8CDC-3BD17CC8A634},BGISTASK,2022/09/24 08:04:34+00,BGISTASK,2022/09/24 08:04:34+00,52549.9413809573,1445495.93602682
353,999000353,Newark Avenue Streetscape,,IDENTIFIED,2017/02/24 05:00:00+00,NO,NO,,,,,,,,,,,,HUD AA 893 v2,"Cultural Resources Investigation Appendices, Conrail Harsimus Branch Abandonment (STB Docket No. AB 167 [SUB No. 1189X]), City of Jersey City, Hudson County, NJ",2017/02/24 05:00:00+00,Not eligible,13019,25630715,UNK,,,,,,,,2019/06/19 04:00:00+00,JMC,7,4,,HIGH,HIGH,"RGA 9; 374-390 Newrk Avnue",616152.19336852,689763.0676327,,{A55F04D0-6016-4A91-8377-244F055AF6DA},BGISTASK,2022/09/24 08:04:34+00,BGISTASK,2022/09/24 08:04:34+00,1593.75653167328,73605.3002700931
358,999000358,Immigrant Roman Catholic Church (St. Anthony's/Holy Rosary) Historic District,,ELIGIBLE,2017/07/14 04:00:00+00,NO,NO,,,,,2017/07/14 04:00:00+00,,,1890,1959,A C,,HUD AA 893 v2,"Cultural Resources Investigation Appendices, Conrail Harsimus Branch Abandonment (STB Docket No. AB 167 [SUB No. 1189X]), City of Jersey City, Hudson County, NJ",2017/02/24 05:00:00+00,"Eligible, Criterion A (not C)",13019,25630715,YES,,,5570,,NO,,,2017/07/19 04:00:00+00,JMC,7,4,,HIGH,HIGH,"Project # 08-0811, CHRONO: G2017-078-PROD",616835.21858089,689777.12397472,,{D94E154D-12D6-4566-9B9D-4C4A785949AB},BGISTASK,2022/09/24 08:04:34+00,BGISTASK,2022/09/24 08:04:34+00,1930.35387086384,87364.1247806225
369,12306955,People's Gas Light Company/PSE&G Marion Office Historic District,,ELIGIBLE,1999/03/10 05:00:00+00,NO,NO,,,,,1999/03/10 05:00:00+00,,,,,,,HUD F 483 v2,"Reconnaissance/Intensive-Level Historic Architectural Survey, US Route 1 & 9 Truck Improvements Project, City of Jersey City, Hudson County, NJ",1999/04/01 04:00:00+00,Eligible under Criterion A,7930,15469323,YES,,,213,,NO,,,2009/10/22 04:00:00+00,ARC,4,4,,MEDIUM,HIGH,,610747.86984077,695143.49113419,,{A62DBEE7-2C3B-4FF8-BB94-E46AF721B61E},BGISTASK,2022/09/24 08:04:34+00,BGISTASK,2022/09/24 08:04:34+00,1628.9153061841,156875.264813204
372,999000372,200-210 Dey Street streetscape,,IDENTIFIED,1999/04/01 04:00:00+00,YES,NO,,,,,,,,,,,,HUD F 483 v2,"Reconnaissance/Intensive-Level Historic Architectural Survey, US Route 1 & 9 Truck Improvements Project, City of Jersey City, Hudson County, NJ",1999/04/01 04:00:00+00,Not eligible streetscape,7930,15469323,YES,,,,,,,,2019/08/20 04:00:00+00,JMC,7,4,,HIGH,HIGH,,610801.87054001,694623.95665709,,{4E551E57-565C-4E79-9296-2562CB04DE9A},BGISTASK,2022/09/24 08:04:34+00,BGISTASK,2022/09/24 08:04:34+00,434.856623379795,10700.6045962568
377,999000377,Harrison Gardens,400 Harrison Street,IDENTIFIED,2016/08/01 04:00:00+00,NO,NO,,,,,,,,,,,,HUD H 137 v2,"Cultural Resources Technical Environmental Study. Rebuild by Design: Resist, Delay, Store, Discharge Project, Cities of Hoboken, Weehawken and Jersey City, Hudson County New Jersey. Appendices. Vol. 2.",2016/08/01 04:00:00+00,Not eligible,11307,25634865,NO,,,,,NO,,,2016/10/06 04:00:00+00,JMC,7,4,,HIGH,HIGH,Ref. No F-37,619409.66838117,695621.11614332,,{4AE4B705-5090-43AC-9CCA-5EEE0BB70AE2},BGISTASK,2022/09/24 08:04:34+00,BGISTASK,2022/09/24 08:04:34+00,1602.62243816865,112663.757273474
395,12307033,Gregory-Highpoint Historic District,,ELIGIBLE,1995/05/16 04:00:00+00,NO,NO,,,,,1995/05/16 04:00:00+00,,,,,,,,,,,,,,,,2882,,NO,,,2009/11/12 05:00:00+00,ARC,4,4,,MEDIUM,HIGH,,623018.92456828,703259.63231683,,{025D2443-B3BA-4992-8E5C-C5D978B96498},BGISTASK,2022/09/24 08:04:34+00,BGISTASK,2022/09/24 08:04:34+00,3700.19057842678,469166.642350421
397,12306789,Hamilton Park Historic District Extension,,LISTED,1982/12/02 05:00:00+00,NO,NO,,1982/12/02 05:00:00+00,1982/10/01 04:00:00+00,,,,,1800,1929,,,,,,,,,,,,1508,82001044,NO,,,2010/02/08 05:00:00+00,ARC,4,4,,MEDIUM,HIGH,,618293.82586796,690796.86651958,,{4151C3D1-B1DA-4C4B-8730-6F78B6AC49B8},BGISTASK,2022/09/24 08:04:34+00,BGISTASK,2022/09/24 08:04:34+00,1110.03584170532,47260.3684760781
401,999000401,Holland Street Historic District,,ELIGIBLE,2018/11/26 05:00:00+00,NO,NO,,,,,,2018/11/26 05:00:00+00,2003/04/23 04:00:00+00,1905,1906,C,,,,,,,,,,,5688,,NO,,,2018/12/06 05:00:00+00,JMC,7,4,"Project # 19-0231, CHRONO K2018-190-PROD; Holland Street between Palisade Avenue and Paterson Plank Road",MEDIUM,HIGH,,618946.3682,696685.5188,,{7D9B2262-CD0E-4712-A501-1C4B192CAF6F},BGISTASK,2022/09/24 08:04:34+00,BGISTASK,2022/09/24 08:04:34+00,1820.22756668214,21708.1507618455
416,15415869,"Statue of Liberty National Monument, Ellis Island, and Liberty Island ",,LISTED,1971/05/27 04:00:00+00,NO,NO,,1966/10/15 04:00:00+00,1971/05/27 04:00:00+00,,,,,1800,1999,,,,,,,,,,,,1535,66000058,NO,,,2010/08/30 04:00:00+00,KEC,4,4,,HIGH,HIGH, see NR for Statue Liberty only ID # 5592,619461.4654,679781.1561,,{F88D6062-DF72-4BCC-8561-43C8A6703A28},BGISTASK,2022/09/24 08:04:34+00,BGISTASK,2022/09/24 08:04:34+00,8715.16496927335,1997819.30430694
426,999000426,Manufacturers’ Railroad Historic District (Identified),"Through Plate Girder Bridge, Manufacturers’ Railroad Historic District",IDENTIFIED,2018/01/19 05:00:00+00,NO,NO,,,,,,,,,,,,ESS F 966,"Phase IA Archaeological Survey and Intensive-Level Historic Architectural Survey, Replacement of Conrail Undergrade Bridge 3.08, City of Newark, Essex County, New Jersey",2018/01/19 05:00:00+00,Not eligible,13385,26214950,UNK,,,,,,,,2018/07/10 04:00:00+00,JMC,7,4,,MEDIUM,HIGH,"RGA # 2; HPO Project #18-1273; Chrono F2018-273",595128.4008,693492.0059,,{D59A89B3-B117-4CF8-A35A-45460849D67B},BGISTASK,2022/09/24 08:04:34+00,BGISTASK,2022/09/24 08:04:34+00,26594.1882191033,1146387.90909101
454,999000454,Harsimus Cove Historic District (Local),,LOCALLY_DESIGNATED,1983/07/21 04:00:00+00,NO,NO,,,,,,,1983/07/21 04:00:00+00,1850,1940,,,,,,,,,,,,,,NO,,,2017/07/17 04:00:00+00,KEC,7,4,,HIGH,HIGH,,618262.37676028,688776.8042398,,{95A516BB-44E4-47F2-BF1B-2787A3DFCB66},BGISTASK,2022/09/24 08:04:34+00,BGISTASK,2022/09/24 08:04:34+00,5506.87435691515,1458312.59810724
475,999000475,Sixth Street Streetscape,,IDENTIFIED,2017/02/24 05:00:00+00,NO,NO,,,,,,,,,,,,HUD AA 893 v2,"Cultural Resources Investigation Appendices, Conrail Harsimus Branch Abandonment (STB Docket No. AB 167 [SUB No. 1189X]), City of Jersey City, Hudson County, NJ",2017/02/24 05:00:00+00,Not eligible,13019,25630715,UNK,,,,,NO,,,2019/06/19 04:00:00+00,JMC,7,4,,HIGH,HIGH,RGA 12,616853.67279981,689730.09929112,,{94159F7D-19B2-4680-B79F-84B26B077A49},BGISTASK,2022/09/24 08:04:34+00,BGISTASK,2022/09/24 08:04:34+00,3342.31684007659,220644.582524827
476,999000476,R. Neumann and Co. Factory Complex,Neumann Leather Factory,ELIGIBLE,2016/12/09 05:00:00+00,NO,NO,,,,,2016/12/09 05:00:00+00,,,,,A C,,HUD S 28b v2,"Volume II of II:Attachments, Hist. Archit. Res.Background Survey (HARBS) and Effects Assessment (EA) Report. NJ Transitgrid Traction Power System,Bayonne City,Kearny Town, JerseyCity,Hoboken City,Weehawken Twp.,Union City, North bergen Twp., Hudson Co…",2017/06/16 04:00:00+00,"Eligible, Criterion A, C ",13318,25908311,YES,,,5522,,NO,,,2018/05/22 04:00:00+00,JMC,7,4,,HIGH,HIGH,"RGA 48, Prior surveys: HUD AA 223 ID3027 & HUD Z 318a ID12755 & HUD H 137 v2 ID11307: Ref. No. F-55",620792.79968587,693658.82114177,,{88A50E72-67C6-4910-9592-32A1EB58D275},BGISTASK,2022/09/24 08:04:34+00,BGISTASK,2022/09/24 08:04:34+00,1330.24741531398,95034.4354408065
483,999000483,"New Jersey Midland Railway/New York, Susquehanna and Western Railroad Historic Distrcict ","New York, Susquehanna and Western Railroad [Historic District]",ELIGIBLE,2016/07/18 04:00:00+00,NO,NO,,,,,2016/07/18 04:00:00+00,,,,,,,MULT F 938,"Phase I Archaeological Survey and Intensive-Level Architectural Survey ... Bridge ( Structure No. 1405-156 over Pequannock River, Paterson-Hamburg Turnpike, and NYS& W Railroad. Kinnelon Borough, Morris Co. and West Milford Township, Passaic Co.,N.J",2016/03/18 04:00:00+00,Unknown,12661,25682702,YES,,,4602,,NO,,,2016/07/25 04:00:00+00,JMC,7,4,NYSWR,HIGH,HIGH,"Prior SHPO Opinions: 4/25/2006 and 1/30/2015, Prior Report: HUD_F_895_ID10571",614757.6771,700148.1576,,{7F1C50A9-19E6-4889-B747-04DF35E878D6},BGISTASK,2022/09/24 08:04:34+00,BGISTASK,2022/09/24 08:04:34+00,44153.7834330858,1485509.68621424
499,999000499,Jersey City and Harsimus Cemetery Historic District,,ELIGIBLE,2017/07/14 04:00:00+00,NO,NO,,,,,2017/07/14 04:00:00+00,,,1812,,A C D ,,HUD AA 893 v2,"Cultural Resources Investigation Appendices, Conrail Harsimus Branch Abandonment (STB Docket No. AB 167 [SUB No. 1189X]), City of Jersey City, Hudson County, NJ",2017/02/24 05:00:00+00,"Eligible, Criterion A",13019,25630715,UNK,,,5571,,NO,,,2017/06/23 04:00:00+00,ARC,7,4,"Additional information from official website, <http://jerseycitycemetery.org/>",HIGH,HIGH,"RGA 2, survey form is for the property containing one building (RGA 2) Now operated by volunteer group. Soldiers and locally-prominent figures interred.",615458.83722223,690086.79300178,,{44525074-C6F3-4154-B99B-5CB676073B6A},BGISTASK,2022/09/24 08:04:34+00,BGISTASK,2022/09/24 08:04:34+00,1877.58889604429,231056.557651197
540,12306662,Erie Railroad Main Line Historic District,,ELIGIBLE,2003/02/20 05:00:00+00,NO,NO,,,,,2003/02/20 05:00:00+00,,,,,A C ,,BER Z 322,"Historic Architectural Sites Survey and Effects Assessment for the Proposed Rutherford Station Historic Restoration Phase II Project, Borough of Rutherford, Bergen County, New Jersey for Review under Section 106 of the National Historic Preservation Act.",2008/04/01 04:00:00+00,Eligible,12887,25535501,YES,,,218,,NO,-829160625,0222-D003 [Glen Rock HSI],2018/06/01 04:00:00+00,ARC,7,4,"Appended HSI while mapping Glen Rock resources; likely has additional HSIs for Bergen municipalities.",MEDIUM,HIGH,prior survbey BER Z 244 v2 ID 9956,592463.5275,744375.08,,{53856507-C66D-4871-82EC-C2945B3FB8A6},BGISTASK,2022/09/24 08:04:34+00,BGISTASK,2022/09/24 08:04:34+00,417010.960648108,22205592.2524499
553,999000553,Italian Village Historic District, ,ELIGIBLE,2019/05/13 04:00:00+00,NO,NO,,,,,2019/05/13 04:00:00+00,,,1880,1967,A C,,HUD AA 893a,"Cultural Resources Identification Report Addendum. Conrail Harsimus Branch Abandonment (STB Docket NOS. AB 167 (SUB No. 1189X), AB 55 (Sub-No.686X), and AB 290 (Sub-No. 306X),City of Jersey City, Hudson County, NJ.",2018/10/01 04:00:00+00,"Eligible, Crit. A",13709,27549319,NO,, ,5715, ,NO,, ,2019/06/14 04:00:00+00,JMC,7,4, ,HIGH,HIGH,"Project # 08-0811, Chrono E2019-001-PROD",616689.48807187,688957.28205117,,{C0C04C4B-1246-42B8-AC93-1F2EB2E25434},BGISTASK,2022/09/24 08:04:34+00,BGISTASK,2022/09/24 08:04:34+00,7800.79531314942,2746300.78107084
577,999000577,252-262 Suydam Avenue Streetscape,,IDENTIFIED,2017/06/16 04:00:00+00,NO,NO,,,,,,,,,,,,HUD S 28b v2,"Volume II of II:Attachments, Hist. Archit. Res.Background Survey (HARBS) and Effects Assessment (EA) Report. NJ Transitgrid Traction Power System,Bayonne City,Kearny Town, JerseyCity,Hoboken City,Weehawken Twp.,Union City, North bergen Twp., Hudson Co…",2017/06/16 04:00:00+00,Not eligible,13318,25908311,UNK,,,,,,,,2018/05/22 04:00:00+00,JMC,7,4,,HIGH,HIGH,RGA 61,613896.9022149,683498.35777849,,{BDD3BBF4-EC3C-463A-B1F2-2B4F23657C69},BGISTASK,2022/09/24 08:04:34+00,BGISTASK,2022/09/24 08:04:34+00,643.776216130457,15963.1550847003
601,999000601,Castle Point Historic District (locally designated),,LOCALLY_DESIGNATED,2012/08/15 04:00:00+00,NO,NO,,,,,,,2012/08/15 04:00:00+00,,,,,,,,,,,,,,,,NO,,,2015/02/27 05:00:00+00,KEC,7,4,Based on verbal description in Hoboken HP Ordinance of 8/15/12,HIGH,HIGH,,623503.46654742,697633.86599534,,{0EBE1C8C-72B4-43B8-BCFD-726078257EEA},BGISTASK,2022/09/24 08:04:34+00,BGISTASK,2022/09/24 08:04:34+00,3377.16515438105,336915.514828755
708,999000708,Fifth Street Streetscape,,IDENTIFIED,2017/02/24 05:00:00+00,NO,NO,,,,,,,,,,,,HUD AA 893 v2,"Cultural Resources Investigation Appendices, Conrail Harsimus Branch Abandonment (STB Docket No. AB 167 [SUB No. 1189X]), City of Jersey City, Hudson County, NJ",2017/02/24 05:00:00+00,Not eligible,13019,25630715,UNK,,,,,NO,,,2019/06/19 04:00:00+00,JMC,7,4,,HIGH,HIGH,RGA 11,617000.82627881,689427.05289304,,{7B3142F5-04BE-43D5-8CB8-CC1D2EECACC2},BGISTASK,2022/09/24 08:04:34+00,BGISTASK,2022/09/24 08:04:34+00,2891.1664312249,178697.433185002
722,999000722, 328-334 Princeton Avenue Streetscape,,IDENTIFIED,2017/06/16 04:00:00+00,NO,NO,,,,,,,,,,,,HUD S 28b v2,"Volume II of II:Attachments, Hist. Archit. Res.Background Survey (HARBS) and Effects Assessment (EA) Report. NJ Transitgrid Traction Power System,Bayonne City,Kearny Town, JerseyCity,Hoboken City,Weehawken Twp.,Union City, North bergen Twp., Hudson Co…",2017/06/16 04:00:00+00,Not eligible,13318,25908311,UNK,,,,,,,,2018/05/22 04:00:00+00,JMC,7,4,,HIGH,HIGH,RGA 56,606058.95973716,677039.92976269,,{8EF0F57D-CB49-4FF3-BE84-D2ACEF82F61F},BGISTASK,2022/09/24 08:04:34+00,BGISTASK,2022/09/24 08:04:34+00,349.926963940815,7497.2554866122
753,999000753,Central Business and Washington Street Historic District,Southern Hoboken Historic District (Local),LOCALLY_DESIGNATED,2012/08/15 04:00:00+00,NO,NO,,,,,,,2012/08/15 04:00:00+00,,,,,,,,,,,,,,,,NO,,,2015/02/27 05:00:00+00,KEC,7,4,"Based on verbal description in Hoboken HP Ordinance of 8/15/12; Similar but slightly dfferent boundaries than Southern and Southern Extension HD's",HIGH,HIGH,,622806.3888,693227.122,,{1FB87325-08A8-4DE1-A01B-4F71540A50AA},BGISTASK,2022/09/24 08:04:34+00,BGISTASK,2022/09/24 08:04:34+00,18024.4770577498,2997623.24137329
759,999000759,Second Street Streetscape,,IDENTIFIED,2017/02/24 05:00:00+00,NO,NO,,,,,,,,,,,,HUD AA 893 v2,"Cultural Resources Investigation Appendices, Conrail Harsimus Branch Abandonment (STB Docket No. AB 167 [SUB No. 1189X]), City of Jersey City, Hudson County, NJ",2017/02/24 05:00:00+00,Not eligible,13019,25630715,UNK,,,,,NO,,,2019/06/19 04:00:00+00,JMC,7,4,,HIGH,HIGH,"RGA 14, 300-374 Second Street",619599.25449103,688249.03113938,,{C260D644-1473-4044-89B8-3AFE4858416D},BGISTASK,2022/09/24 08:04:34+00,BGISTASK,2022/09/24 08:04:34+00,669.819635833857,26977.2875744779
806,999000806,"Delaware, Lackawanna and Western Railroad Boonton Line Historic District [Eastern segment]",,ELIGIBLE,2013/06/12 04:00:00+00,YES,NO,,,,,2013/06/12 04:00:00+00,,,,,,,MULT HSR 318d v3,"History of Transportation in the Hackensack Meadows, Volume 3, A Survey of the Delaware, Lackawanna and Western Railroad Boonton Branch",2009/12/01 05:00:00+00,Eligible,9320,15471959,,,,4895,,NO,,,2013/08/13 04:00:00+00,ARC,7,4,,MEDIUM,HIGH,,582985.08531894,730860.63419162,,{D19C1C31-062F-4AB5-A770-D85A8163736A},BGISTASK,2022/09/24 08:04:34+00,BGISTASK,2022/09/24 08:04:34+00,311861.710084925,52823450.4624648
810,999000810,Ellis Island," Ellis Island, Statue of Liberty National Monument",LISTED,2021/03/31 04:00:00+00,NO,NO,,,2021/03/31 04:00:00+00,,,,1994/06/22 04:00:00+00,1794,1965,A C  D,,MULT GB 60 v3,"New Jersey Women's Heritage Trail Project: Forms, Atlantic-Mercer Counties",2003/02/07 05:00:00+00,"Eligible, Criterion B ",12247,27280644,UNK,,,5811,,NO,,,2021/04/01 04:00:00+00,JMC,4,4,Local Designation for Ellis Island only,HIGH,HIGH,"See SR & NR for Statue Liberty ID # 5592  & Statue of Liberty National Monument, Ellis Island and Liberty Island  ID#1535",619461.4653539,679781.15606236,,{927F1432-F175-4636-87EB-830D326EA63A},BGISTASK,2022/09/24 08:04:34+00,BGISTASK,2022/09/24 08:04:34+00,5015.3478487265,1359367.31667076
833,999000833,Colgate & Company Jersey City Plant,Colgate-Palmolive Company Jersey City Plant,IDENTIFIED,1989/01/01 05:00:00+00,YES,NO,,,,,,,,1847,1988,,,HUD P 211 v1,"HAER NJ-71: Photographs, Written Historical and Descriptive Data, Colgate & Company Jersey City Plant (Colgate-Palmolive Company Jersey City Plant)…Jersey City, Hudson County, NJ",1989/01/01 05:00:00+00,Significant,14062,28393523,YES,,,,,NO,,,2020/01/09 05:00:00+00,ARC,4,4,"Complex structures as identified in HAER; TBD if inventoried in Jersey City GB reports. Mapped from Figure 3 in HUD P 211 v1 (ID#14062). Complex documented as HAER NJ-71, accessioned as HUD P 211 v1-3.",LOW,HIGH,"HAER NJ-71: Operated 1847 to 1928 under Colgate & Company, then 1920-1986 or 1987[?] as Colgate-Palmolive after corporate merger. Continuous operation through 1988[?] (C-8 text).",621099.05977566,685463.76923078,,{C445BB47-0394-425D-8A13-3990E566F0EF},BGISTASK,2022/09/24 08:04:34+00,BGISTASK,2022/09/24 08:04:34+00,5482.4594182905,940637.804616589
856,999000856,West Hudson Park ,,IDENTIFIED,2013/04/18 04:00:00+00,NO,NO,,,,,,,,,,,,HUD K 260 ,"Phase IA Historical and Archaeological Suvey, Improvements to the Single Span Arch on West Hudson Park Road Over Davis Avenue (Structure No.: 0900-020), Town of Harrison, Hudson County, New Jersey",2013/04/18 04:00:00+00,Intensive-level survey recommended,10656,25635838,YES,,,,,NO,,,2019/04/29 04:00:00+00,JMC,7,4,,MEDIUM,HIGH,"Park was completed in 1913 and designed by landscape; prior survey: MULT GB 199 v10 ID 12283",588795.60111912,699242.79511708,,{EEEE3E7A-F6BC-420A-8229-B59EB9ED5268},BGISTASK,2022/09/24 08:04:34+00,BGISTASK,2022/09/24 08:04:34+00,8187.74837736707,1868766.72540791
872,12306976,US Routes 1 & 9 Historic District,,ELIGIBLE,1996/03/08 05:00:00+00,NO,NO,,,,,1996/03/08 05:00:00+00,,,,,,,HUD F 883,Resource Package for a Documentary on the Route 1 Extension Historic District,2011/07/01 04:00:00+00,Not Assessed (Documentation),9995,25637174,YES,,,3212,,NO,1271973633,,2006/10/02 04:00:00+00,AG,4,4,,MEDIUM,HIGH,,593497.189,690905.9443,,{6695FD4B-330D-4C8E-88A6-511F50AC4EEC},BGISTASK,2022/09/24 08:04:34+00,BGISTASK,2022/09/24 08:04:34+00,155773.289127979,8887098.49772439
873,12307002,Warehouse Historic District,,ELIGIBLE,1991/02/28 05:00:00+00,NO,NO,,,,,1991/02/28 05:00:00+00,,,,,,,HUD GB 104,"New Jersey Historic Sites Survey of Jersey City, New Jersey",1982/09/01 04:00:00+00,,7794,15469050,,,,3213,,NO,,,2009/11/05 05:00:00+00,ARC,4,4,,MEDIUM,HIGH,,620147.878694,687804.72993781,,{6DFFAA21-7EA8-405D-9C81-A8AEB3849461},BGISTASK,2022/09/24 08:04:34+00,BGISTASK,2022/09/24 08:04:34+00,5070.03589621669,822556.320425109
886,12306817,Jersey City Waterworks Historic District,,ELIGIBLE,2013/04/02 04:00:00+00,NO,NO,,,,,2013/04/02 04:00:00+00,,,1851,1925,A C D,,MOR C 1494,"Phase IA Historical and Archaeological Survey and Intensive-Level Historic Architectural Survey, Boonton Reservoir Protection and Trail Project, Parsippany-Troy Hills Township and the Town of Boonton, Morris County, New Jersey.",2021/06/23 04:00:00+00,"Eligible under Criteria A, C & D",14665,30677778,NO,,,3915,,NO,-1129103384,,2014/03/10 04:00:00+00,KEC,7,4,,MEDIUM,HIGH,,539626.3873,744989.8723,,{FE329163-8C3E-4D09-B408-F2F75CABFFEB},BGISTASK,2022/09/24 08:04:34+00,BGISTASK,2022/09/24 08:04:34+00,397964.295998532,81238138.6278812
918,12306925,New Jersey Railroad Bergen Cut Historic District,,ELIGIBLE,1999/05/21 04:00:00+00,NO,NO,,,,,1999/05/21 04:00:00+00,,,1832,1937,A C,,MULT F 584e,Feats of Engineering: Bridging the Hackensack River and Cutting Through Bergen Hill. Documentation for Three Historic Resources that Help Move Commerce and Commuters throughout the Port of New York and New Jersey,2019/05/07 04:00:00+00,[One of several documented resources],13755,15470341,YES,,,293,,NO,755491986,,2017/06/23 04:00:00+00,ARC,4,4,"Updated eastern limit as per B2009-137-PROD, and rectified to parcels throughout.",MEDIUM,HIGH,"See also Pensylvania RR NY to Philadelphia HD;",613812.80852559,690504.00748815,,{9B5C0600-3A91-4C87-B942-59F25C8A0F23},BGISTASK,2022/09/24 08:04:34+00,BGISTASK,2022/09/24 08:04:34+00,27053.5794982256,2579999.06453376
927,12306250,"Old Main Delaware, Lackawanna and Western Railroad Historic District",,ELIGIBLE,1996/09/24 04:00:00+00,NO,NO,,,,,1996/09/24 04:00:00+00,,,,,A C,,ESS F 951,"Phase IA Archaeological Survey and Historic Resources Determination of Effect for the I-280 Westbound Ramp over 1st and Orange Streets, Newark Subway and New Jersey Transit Project Area, City of Newark, Essex County, New Jersey",2016/11/01 04:00:00+00,NA,12950,25610736,YES,,,3525,,NO,392756760,,2017/04/18 04:00:00+00,ARC,7,4,12/6/19: Rectified to parcels through Kearny/Harrison,HIGH,HIGH,"Prior survey: MOR F 331 ID5562; Newark Branch A segment surveyed alone in ID#12517 but report found deficient.",508342.1583,708270.2221,,{F32E2389-3C59-4AF9-B2A1-91117C23DEF5},BGISTASK,2022/09/24 08:04:34+00,BGISTASK,2022/09/24 08:04:34+00,961779.572611497,72772288.3340359
931,12306890,Lafayette Gardens Historic District,,ELIGIBLE,2001/08/08 04:00:00+00,YES,NO,,,,,2001/08/08 04:00:00+00,,,,,,,HUD H 158 v1,"A Historical Study of Lafayette Gardens Public Housing, City of Jersey City, Hudson County, New Jersey",2004/12/01 05:00:00+00,[Documentation of complex],5359,15464218,YES,,,3831,,NO,-206640559,,2019/12/09 05:00:00+00,ARC,4,4,HUD H 158 v1-v2 contain HABS documentation for the entire complex but HPO did not have the full set of reports for individual buildings as of 2019.,MEDIUM,HIGH,Entire complex demolished between 2002 and 2007,614528.52089115,686118.32539858,,{86C7E309-8428-4A3E-A550-3A8DA8CBAFE9},BGISTASK,2022/09/24 08:04:34+00,BGISTASK,2022/09/24 08:04:34+00,3098.91611558317,496270.458263626
935,12311836,Lehigh Valley Railroad Historic District,,ELIGIBLE,2002/03/15 04:00:00+00,NO,NO,,,,,2002/03/15 04:00:00+00,,,,,,,MULT Z 122 v2,"Historic Architectural Resources Background Study for the NJ Transit West Trenton Line Passenger Service Restoration Study [Volume 2, appendices]",2005/03/01 05:00:00+00,Eligible under Criteria A & C ,5278,15464056,NO,,,4154,,NO,,,2006/05/02 04:00:00+00,KEC,9,4,,MEDIUM,HIGH,,451456.1278,617044.7992,,{C850D37B-3D0E-4C3D-BA0C-200B29995008},BGISTASK,2022/09/24 08:04:34+00,BGISTASK,2022/09/24 08:04:34+00,793986.999322687,57047247.3511796
940,12307000,St. Michael's Historic District,,ELIGIBLE,2003/03/31 04:00:00+00,NO,NO,,,,,2003/03/31 04:00:00+00,,,,,,,,,,,,,,,,4212,,NO,,,2009/11/10 05:00:00+00,ARC,4,4,,HIGH,MEDIUM,,620969.43683815,702625.50127998,,{A609442E-5125-4D7E-8432-E453ABB46267},BGISTASK,2022/09/24 08:04:34+00,BGISTASK,2022/09/24 08:04:34+00,1390.8132069721,81383.5239677249
944,12306994,Van Vorst Park Historic District,,LISTED,1980/03/05 05:00:00+00,NO,NO,,1980/03/05 05:00:00+00,1978/08/02 04:00:00+00,,,,1977/02/01 05:00:00+00,1800,1930,,,,,,,,,,,,1540,80002490,NO,,,2010/02/11 05:00:00+00,ARC,4,4,,MEDIUM,HIGH,,617838.8554585,687004.92100067,,{0D42B357-1D53-46B1-AC77-3FE264042B09},BGISTASK,2022/09/24 08:04:34+00,BGISTASK,2022/09/24 08:04:34+00,8551.37610208085,2707498.32964603
959,12306628,Communipaw-Lafayette Historic District,,ELIGIBLE,1995/02/17 05:00:00+00,NO,NO,,,,,1995/02/17 05:00:00+00,,,,,C D ,,MULT Z 21 o,"New Jersey Transit Hudson River Waterfront AA/DEIS, Historic Architectural Resources Background Study",1991/10/14 04:00:00+00,Eligible,6387,15466350,YES,,,2858,,NO,,"0906-F, BRAM, CPW, F6HAL, F6PAC, F6PI, F6WH",2009/12/22 05:00:00+00,ARC,7,4,survey form for this district was copied  from  HUD GB 140 series,MEDIUM,HIGH,,613345.10533365,684196.37210521,,{09C66008-1D9F-4F2E-A1FA-68FABA2DD4AF},BGISTASK,2022/09/24 08:04:34+00,BGISTASK,2022/09/24 08:04:34+00,4239.60381255258,953377.626082527
981,999000981,Hoboken Historic District,,ELIGIBLE,2017/01/26 05:00:00+00,NO,NO,,,,,2016/12/12 05:00:00+00,2017/01/26 05:00:00+00,,1838,1967,C,,HUD H 137 v2,"Cultural Resources Technical Environmental Study. Rebuild by Design: Resist, Delay, Store, Discharge Project, Cities of Hoboken, Weehawken and Jersey City, Hudson County New Jersey. Appendices. Vol. 2.",2016/08/01 04:00:00+00,Not assessed,11307,25634865,YES,,,5416,,NO,,,2017/01/30 05:00:00+00,KEC,7,4,"Revised and consilidates prior SHPO Opinoin HD's in Hoboken (Central, Southern, Northern",HIGH,HIGH,"Previous SHPO Opinion 3/5/82, 5/12/83; COE Expands to include Monroe Street",621822.09605533,695740.32355466,,{BBFE258A-312F-44A9-946E-BF6FE559722E},BGISTASK,2022/09/24 08:04:34+00,BGISTASK,2022/09/24 08:04:34+00,33055.2061967806,18904285.169888
992,999000992,296-302 Princeton Avenue Streetscape,,IDENTIFIED,2017/06/16 04:00:00+00,NO,NO,,,,,,,,,,,,HUD S 28b v2,"Volume II of II:Attachments, Hist. Archit. Res.Background Survey (HARBS) and Effects Assessment (EA) Report. NJ Transitgrid Traction Power System,Bayonne City,Kearny Town, JerseyCity,Hoboken City,Weehawken Twp.,Union City, North bergen Twp., Hudson Co…",2017/06/16 04:00:00+00,Not eligible,13318,25908311,UNK,,,,,,,,2018/05/22 04:00:00+00,JMC,7,4,,HIGH,HIGH,RGA 55,605806.29390973,676778.6494606,,{3B76078C-687A-430B-9811-5C825E7D30BC},BGISTASK,2022/09/24 08:04:34+00,BGISTASK,2022/09/24 08:04:34+00,373.938455997027,8696.67322651655
1034,12310504,Newark and Elizabeth Branch of the Central Railroad of New Jersey,,ELIGIBLE,2000/08/30 04:00:00+00,NO,NO,,,,,2000/08/30 04:00:00+00,,,,,,,,,,,,,,,,4186,,NO,,,2007/11/27 05:00:00+00,JH,9,4,,HIGH,HIGH,,588317.61078244,680717.1679276,,{41A7226B-5D99-40CF-811E-DC2380F6CED7},BGISTASK,2022/09/24 08:04:34+00,BGISTASK,2022/09/24 08:04:34+00,61538.8770292281,4500801.02472907
1080,12307039,Lower Bergenline/Broadway Historic District,,ELIGIBLE,1995/05/16 04:00:00+00,NO,NO,,,,,1995/05/16 04:00:00+00,,,,,,,,,,,,,,,,2874,,NO,,,2009/11/12 05:00:00+00,ARC,4,4,,MEDIUM,HIGH,,625704.05226292,710385.29051027,,{3DEE608E-5553-4244-970E-267AA2805C4F},BGISTASK,2022/09/24 08:04:34+00,BGISTASK,2022/09/24 08:04:34+00,7244.25170043747,1927981.9019955
1083,12306901,Lembeck and Betz Eagle Brewing Company Historic District,,LISTED,1984/06/21 04:00:00+00,YES,NO,,1984/06/21 04:00:00+00,1984/05/17 04:00:00+00,,,,,1868,1904,,,,,,,,,,,,1517,84002707,NO,,,2009/10/13 04:00:00+00,ARC,4,4,,MEDIUM,HIGH,,619345.4799145,690597.49216012,,{3949FDF4-888D-49C3-9842-C8B35D8C4C41},BGISTASK,2022/09/24 08:04:34+00,BGISTASK,2022/09/24 08:04:34+00,1872.25605839077,159047.905773417
1131,12306987,Bergenline Avenue Commercial Historic District,,ELIGIBLE,2003/02/21 05:00:00+00,NO,NO,,,,,2003/02/21 05:00:00+00,,,,,,,,,,,,,,,,2877,,NO,889862697,,2009/11/06 05:00:00+00,ARC,4,4,,MEDIUM,HIGH,,623375.49997926,708021.53007756,,{28C018F5-D896-478D-B5BB-5FFC574866FD},BGISTASK,2022/09/24 08:04:34+00,BGISTASK,2022/09/24 08:04:34+00,8504.45863024112,1038544.42326472
1152,12306644,Covert/Larch Historic District,,NOT_ELIGIBLE,2018/04/24 04:00:00+00,YES,NO,,,,,,,,,,,,HUD F 912 v1,"Covert-Larch: Archaeology of a Jersey City Neighborhood, Data Recovery for the Route 1 & 9T (25) St. Paul's Viaduct Replacement Project, Jersey City, Hudson County, NJ",2014/03/01 05:00:00+00,,11790,25634718,YES,,,3191,,NO,,,2018/05/03 04:00:00+00,JMC,7,4,Don't have info on original report/file used in 2009 mapping. Report #11790 has Phase III for multiple resources within the district.,MEDIUM,HIGH,"prior survey: HUD F 483 v1 ID 8491 & HUD F 483 ID 7930, , Found not eligible as per SHPO Opinion: 4/24/2018 (D2018-122-PROD) due to demolition, rescinded SHPO Opinion from 3/10/1999 (CHRONO: C1999-076-PROD); Demolished between 2002 and 2007.",611833.78194276,694706.10507245,,{E884484F-0D20-4632-82E7-E72E1F7F4D26},BGISTASK,2022/09/24 08:04:34+00,BGISTASK,2022/09/24 08:04:34+00,1351.33077853574,90574.1028576447
1163,12306605,Bergen Hill Historic District,,ELIGIBLE,1991/02/04 05:00:00+00,NO,NO,,,,,1991/02/04 05:00:00+00,,,,,C D,,MULT Z 21 o,"New Jersey Transit Hudson River Waterfront AA/DEIS, Historic Architectural Resources Background Study",1991/10/14 04:00:00+00,Eligible,6387,15466350,YES,,,1481,,NO,,"0906-F, F5ADL, F5ARL, F5BMH, F5CLI, F5CRS, F5HRM..",2009/12/29 05:00:00+00,ARC,7,4,survey form for this district was copied  from  HUD GB 140 series,MEDIUM,HIGH,,611062.35544794,686356.5089663,,{44E3B494-AB98-40FE-A894-74D92BBA39B8},BGISTASK,2022/09/24 08:04:34+00,BGISTASK,2022/09/24 08:04:34+00,12063.4824170322,4209249.56932857
1184,12306426,Stevens Historic District,,ELIGIBLE,1991/02/28 05:00:00+00,NO,NO,,,,,1991/02/28 05:00:00+00,,,,,,,HUD AA 301,"Cultural Resources Survey for the Verizon Wireless Stevens Institute of Technology, Site #03VR001, Wesley J. Howe Building. Stevens Institute of Technology… City of Hoboken, Hudson County, New Jersey, for Review under Section 106 of...",2003/05/01 04:00:00+00,Previous SHPO Opinion: Eligible,7885,15469235,YES,,,3186,,NO,-32320165,,2015/02/26 05:00:00+00,KEC,7,4,"Re-deliniated based on original report: MULT Z 21o, ID6387",HIGH,HIGH,,623578.04599717,696753.92702983,,{E9ACB76F-B953-4A33-A82D-EDF1F0CEE991},BGISTASK,2022/09/24 08:04:34+00,BGISTASK,2022/09/24 08:04:34+00,6586.20699751006,2088628.05152928
1195,12306689,Lehigh Valley Railroad Oak Island Yard Historic District,,ELIGIBLE,1997/01/14 05:00:00+00,NO,NO,,,,,1997/01/14 05:00:00+00,,,,,,,,,,,,,,,,3120,,NO,-447251160,,2006/08/24 04:00:00+00,ARC,7,4,,MEDIUM,HIGH,,593016.75512289,682846.6252585,,{801EBCE8-4391-42EE-AB75-B31ABD24D2D7},BGISTASK,2022/09/24 08:04:34+00,BGISTASK,2022/09/24 08:04:34+00,16089.7941984426,3554595.2094312
1261,12306983,Van Vorst Park Historic District Extension,,LISTED,1984/10/11 04:00:00+00,NO,NO,,1984/10/11 04:00:00+00,1984/08/21 04:00:00+00,,,,,1800,1934,,,,,,,,,,,,1541,84000084,NO,,,2010/02/11 05:00:00+00,ARC,4,4,,MEDIUM,HIGH,,616599.8514,687439.8209,,{00AD678D-F5DD-4002-B682-35E56C36E96C},BGISTASK,2022/09/24 08:04:34+00,BGISTASK,2022/09/24 08:04:34+00,11191.557215836,602414.063759135
1264,12306974,NJ Route 3 (NJ 495) Highway Approach to Lincoln Tunnel Historic District,,ELIGIBLE,1999/11/17 05:00:00+00,NO,NO,,,,,1999/11/17 05:00:00+00,,,,,,,,,,,,,,,,4105,,NO,224678900,,2003/01/01 05:00:00+00,[Unknown],4,4,,MEDIUM,HIGH,,623216.1875,705766.7103,,{997BC8C9-CBE1-49D2-9408-71241BDD5291},BGISTASK,2022/09/24 08:04:34+00,BGISTASK,2022/09/24 08:04:34+00,23244.3705739941,1297143.79157059
1273,12306760,Hamilton Park Historic District,,LISTED,1979/01/25 05:00:00+00,NO,NO,,1979/01/25 05:00:00+00,1978/04/27 04:00:00+00,,,,1977/02/01 05:00:00+00,1800,1929,,,,,,,,,,,,1507,79001493,NO,,,2010/02/08 05:00:00+00,ARC,4,4,,MEDIUM,HIGH,,618096.44627002,690096.97593796,,{BC448B1D-21DB-4A2E-A16B-0A03DF2FFE66},BGISTASK,2022/09/24 08:04:34+00,BGISTASK,2022/09/24 08:04:34+00,7761.60977113471,1784260.84563155
1289,12306936,Paulus Hook Historic District,,LISTED,1982/06/21 04:00:00+00,NO,NO,,1982/06/21 04:00:00+00,1981/08/07 04:00:00+00,,,,1977/03/15 04:00:00+00,1800,1931,C,,,,,,,,,,,1521,82003276,NO,,,2010/02/09 05:00:00+00,ARC,4,4,,MEDIUM,HIGH,,619989.886888,685784.15320775,,{82E0F3FA-7361-4842-93D2-D1EA6926C699},BGISTASK,2022/09/24 08:04:34+00,BGISTASK,2022/09/24 08:04:34+00,6838.52975802934,1360897.68079698
1292,12306448,"Eldorado and 1202, 1204, 1206 Washington Street [Historic District]","1200, 1202, 1204, 1206 Washington Street; Eldorado Apartments",LISTED,1987/03/09 04:00:00+00,NO,NO,,1987/03/09 04:00:00+00,1986/12/03 05:00:00+00,,1987/06/24 04:00:00+00,,,1800,1899,C,,HUD GB 103 v5,"Hoboken, New Jersey: A Physical and Social History [Vol. 5: Paterson Avenue - Willow Court]",1978/01/01 05:00:00+00,Not assessed,10401,25635962,NO,,,1478,87000350,NO,1660836979,,2015/02/27 05:00:00+00,KEC,7,4,"NR verbal boundary inconsistent; delineated based on 2nd verbal description in NR form.",HIGH,HIGH,,623178.54138859,698965.0892311,,{B6B4C28E-B8CE-473B-9241-46D8F7A26C68},BGISTASK,2022/09/24 08:04:34+00,BGISTASK,2022/09/24 08:04:34+00,454.356167316179,12560.3874160525
1310,12306803,Harsimus Cove Historic District,,LISTED,1987/12/09 05:00:00+00,NO,NO,,1987/12/09 05:00:00+00,1987/10/15 04:00:00+00,,,,,1850,1940,,,,,,,,,,,,1509,87002118,NO,,,2010/01/04 05:00:00+00,ARC,4,4,,MEDIUM,HIGH,,618287.61484365,688728.27938176,,{21BFC8D3-361F-409E-8736-3CD8AE57E316},BGISTASK,2022/09/24 08:04:34+00,BGISTASK,2022/09/24 08:04:34+00,6314.52995698801,1528596.31703187
1330,12306940,Paulus Hook Historic District Extension,,LISTED,1985/05/13 04:00:00+00,NO,NO,,1985/05/13 04:00:00+00,1985/03/12 04:00:00+00,,,,,1800,1935,C,,,,,,,,,,,1522,85002540,NO,,,2010/02/09 05:00:00+00,ARC,4,4,,MEDIUM,HIGH,,619150.74476567,686180.66262043,,{1F95EA08-601D-4D96-96A4-E8832551491E},BGISTASK,2022/09/24 08:04:34+00,BGISTASK,2022/09/24 08:04:34+00,1177.46716355665,59346.8542676188
1359,12306721,Greenville Yard Historic District,,NOT_ELIGIBLE,2015/07/22 04:00:00+00,YES,NO,,,,,,,,,,,,,,,,,,,,,3194,,NO,518695157,,2015/08/04 04:00:00+00,JMC,7,4,Not Eligible SHPO Opinion 7/22/2015. Prior SHPO Opinion: 8/21/1998,MEDIUM,MEDIUM,,608497.38989976,673114.79696521,,{C94BADDF-7A45-4B9F-BA54-5B34F04B3EF8},BGISTASK,2022/09/24 08:04:34+00,BGISTASK,2022/09/24 08:04:34+00,20952.4675501305,16556781.1263907
1364,12307010,Summit Avenue Commercial Historic District,,ELIGIBLE,1995/10/18 04:00:00+00,NO,NO,,,,,1995/10/18 04:00:00+00,,,,,,,,,,,,,,,,2880,,NO,5050166,0910-D007,2009/11/10 05:00:00+00,ARC,4,4,,MEDIUM,HIGH,,620162.58985397,704579.44972708,,{85F889DC-B942-4B18-88D7-9979510011D1},BGISTASK,2022/09/24 08:04:34+00,BGISTASK,2022/09/24 08:04:34+00,13824.8341950798,1630425.18629922
1408,12307006,West Bergen - East Lincoln Park Historic District,West Bergen Historic District,LISTED,2016/07/19 04:00:00+00,NO,NO,,2016/07/19 04:00:00+00,2014/12/29 05:00:00+00,,1997/11/18 05:00:00+00,,2015/07/01 04:00:00+00,1861,1945,A B C,,HUD GB 267,"Designation Report, West Bergen Historic District (Jersey City, Hudson County, NJ)",1979/05/01 04:00:00+00,Localy Designated,11849,25634469,NO,,,3907,15000050,NO,,,2016/08/01 04:00:00+00,JMC,7,4,,HIGH,HIGH,,609904.30517273,688386.63916564,,{1F39C97C-EDF8-46D0-93F3-187974F45B66},BGISTASK,2022/09/24 08:04:34+00,BGISTASK,2022/09/24 08:04:34+00,13924.994497191,4512997.88372485
1422,999001423,Erie Lackawanna Railroad--New York and Greenwood Lake Branch,,IDENTIFIED,2015/10/21 04:00:00+00,UNK,NO,,,,,,,,1867,2007,,,MULT E 287a,"Cultural Resources Report, NJ Route 7, Drainage Improvements, Town of Kearny, Hudson County, NJ",2015/10/01 04:00:00+00,"Eligible, Criterion A",13372,26072260,YES,,,,,NO,,,2016/02/18 05:00:00+00,ARC,9,4,"Tentative, based on USGS from inten. form & visible ROW in orthos. E end needs clarification. Line shapefile in e_REPORTS.",LOW,HIGH,"prior survey HUD F 927 ID12517; ROW visible. Tracks partially removed.",600815.982,702421.745,50,{F47ED0D4-E6EC-4C48-9588-CCAC75ACEF06},BGISTASK,2022/09/24 08:04:34+00,BGISTASK,2022/09/24 08:04:34+00,58850.7962727379,3190665.60436912
1429,999001430,Erie Lackawanna (EL) Patterson Branch Railroad Historic District (Identified),,IDENTIFIED,2018/04/01 04:00:00+00,NO,NO,,,,,,,,,,,,MULT E 287a,"Historic Architecture Study Background Review and Field Reconnaissance, Remedial Design - Lower 8.3 Miles of the Lower Passaic River, Operable Unit Two of the Diamond Alkali Superfund Site in and about Essex, Hudson, Bergen, and Passaic Counties NJ",2018/04/01 04:00:00+00,"Eligible, Criterion A & C ",13372,26072260,UNK,,,,,,,,2018/07/13 04:00:00+00,JMC,7,4,,HIGH,HIGH,,594162.6347,699634.2723,,{3A8FAEA6-2303-474F-9E98-30BCD3566458},BGISTASK,2022/09/24 08:04:34+00,BGISTASK,2022/09/24 08:04:34+00,39260.2824306671,1803226.3592599
1452,999001453,R. B. Davis Company ,"Chambord Place; R. B. Davis Company Plant",ELIGIBLE,2017/01/31 05:00:00+00,NO,NO,,,,,2017/01/31 05:00:00+00,,,1904,1958,C,,HUD S 28b v2,"Volume II of II:Attachments, Hist. Archit. Res.Background Survey (HARBS) and Effects Assessment (EA) Report. NJ Transitgrid Traction Power System,Bayonne City,Kearny Town, JerseyCity,Hoboken City,Weehawken Twp.,Union City, North bergen Twp., Hudson Co…",2017/06/16 04:00:00+00,Not eligible,13318,25908311,YES,,,5542,,NO,,,2018/05/22 04:00:00+00,JMC,7,4,,HIGH,HIGH,"RGA 41, Ref. No. F-43, prior surveys:HUD Z 318a ID12755 & HUD H 137 v2 ID11307",618970.31397601,693694.24391374,,{C3F38D96-295B-4282-B7ED-E2BD59F445FD},BGISTASK,2022/09/24 08:04:34+00,BGISTASK,2022/09/24 08:04:34+00,1156.56015495632,74195.6750751605
1456,999001457,Delaware Lackawanna and Western Railroad--Newark Industrial Line,,IDENTIFIED,2015/10/21 04:00:00+00,UNK,NO,,,,,,,,1903,2005,,,HUD F 927,"Cultural Resources Report, NJ Route 7, Drainage Improvements, Town of Kearny, Hudson County, NJ",2015/10/01 04:00:00+00,Not Eligible,12517,25633473,UNK,,,,,NO,,,2016/02/18 05:00:00+00,ARC,9,4,Need map. Tentative tracing of visible ROW segment. Line shapefile in e_REPORTS.,LOW,HIGH,ROW visible but tracks have been removed.,594118.9126,704340.1302,50,{07969EA0-7FEE-487C-A040-07529EFDFCEA},BGISTASK,2022/09/24 08:04:34+00,BGISTASK,2022/09/24 08:04:34+00,28252.3396359976,1404763.46425244
1464,999001465,Lincoln Park (West Side Park),Lincoln Park,ELIGIBLE,1984/08/09 04:00:00+00,NO,NO,,,,,1984/08/09 04:00:00+00,,,,,A C ,,HUD AA 140a,"Section 106 Consultation: New York SMSA Limited Partnership, D/B/A Verizon Wireless, Jersey City 21 Collocation, 368 Duncan Avenue, Block 1650, Lot 45D, City of Jersey City, Hudson County",2004/02/01 05:00:00+00,SHPO opinion ,4549,15462898,YES,,,3904,,NO,,,2009/10/15 04:00:00+00,ARC,4,4,,MEDIUM,HIGH,,606227.53210819,690241.02161225,,{DD387F06-6611-4A50-9B7F-DB8EB873274E},BGISTASK,2022/09/24 08:04:34+00,BGISTASK,2022/09/24 08:04:34+00,17967.0429087743,12767999.942705
1487,12306915,Pennsylvania Railroad New York Bay Branch Historic District,,ELIGIBLE,2019/12/18 05:00:00+00,NO,NO,,,,,2019/12/18 05:00:00+00,,,1900,1949,,,ESS G 23,"Phase IA Archaeological Survey and Intensive-Level Historic Architectural Survey, Replacement of the Point-No-Point Bridge over the Passaic River, Between the City of Newark, Essex County, and Town of Kearny, Hudson County, New Jersey.",2017/12/01 05:00:00+00,Recom. boundaries expansion ,13466,26608252,YES,,,4420,,NO,,,2018/10/16 04:00:00+00,JMC,7,4,,MEDIUM,HIGH,"RGA 02;; prior survey: MULT Z 123 ID 5290",595262.25691215,681558.66642393,,{0E098CD6-8812-48EF-BBEF-62185481AF5A},BGISTASK,2022/09/24 08:04:34+00,BGISTASK,2022/09/24 08:04:34+00,123818.680432227,9446312.67738252
1496,999001497,Andrew Jackson Gardens,400 Jackson Street,IDENTIFIED,2016/08/01 04:00:00+00,NO,NO,,,,,,,,,,,,HUD H 137 v2,"Cultural Resources Technical Environmental Study. Rebuild by Design: Resist, Delay, Store, Discharge Project, Cities of Hoboken, Weehawken and Jersey City, Hudson County New Jersey. Appendices. Vol. 2.",2016/08/01 04:00:00+00,Not eligible,11307,25634865,UNK,,,,,NO,,,2016/10/06 04:00:00+00,JMC,7,4,,HIGH,HIGH,Ref. No. F-33,619305.74068481,696119.57125241,,{91471D80-1D79-41B2-BB81-CB13EF15A0B6},BGISTASK,2022/09/24 08:04:34+00,BGISTASK,2022/09/24 08:04:34+00,4093.60609672098,622961.086626191
1501,999001502,Lower Newark Avenue Historic District,,ELIGIBLE,1990/06/13 04:00:00+00,NO,NO,,,,,1990/06/13 04:00:00+00,,,,,,,,,,,,,,,,5244,,NO,,,2013/03/21 04:00:00+00,KEC,4,4,,HIGH,HIGH,,618038.05992113,687957.66606876,,{0E4DAA81-1BFA-4240-BA1E-4332B3CD5C57},BGISTASK,2022/09/24 08:04:34+00,BGISTASK,2022/09/24 08:04:34+00,6705.23865085159,818058.881924325
1507,999001508,First Street Streetscape,,IDENTIFIED,2018/10/01 04:00:00+00,NO,NO,,,,,,,,,,,,HUD AA 893a,"Cultural Resources Identification Report Addendum. Conrail Harsimus Branch Abandonment (STB Docket NOS. AB 167 (SUB No. 1189X), AB 55 (Sub-No.686X), and AB 290 (Sub-No. 306X),City of Jersey City, Hudson County, NJ.",2018/10/01 04:00:00+00,Not eligible,13709,27549319,YES,,,,,NO,,,2019/06/14 04:00:00+00,JMC,7,4,,HIGH,HIGH,"RGA 14; 181-197 First Street;  prior survey HUD AA 893a ID 13709: RGA 11",619122.91762152,688019.66773622,,{2349C05F-E899-46B1-9F36-8B28EEF06335},BGISTASK,2022/09/24 08:04:34+00,BGISTASK,2022/09/24 08:04:34+00,650.307170258664,22534.5516989869
1510,999001511,Merseles Street Streetscape,,IDENTIFIED,2018/10/01 04:00:00+00,NO,NO,,,,,,,,,,,,HUD AA 893a,"Cultural Resources Identification Report Addendum. Conrail Harsimus Branch Abandonment (STB Docket NOS. AB 167 (SUB No. 1189X), AB 55 (Sub-No.686X), and AB 290 (Sub-No. 306X),City of Jersey City, Hudson County, NJ.",2018/10/01 04:00:00+00,Not eligible,13709,27549319,YES,,,,,NO,,,2019/06/14 04:00:00+00,JMC,7,4,,HIGH,HIGH,"RGA 11; 182-202 Merseles Street; prior survey HUD AA 893a ID 13709: RGA 10 ",616229.02444782,689213.38689505,,{92ECE7C6-0E56-4D7C-B014-07026F39A06C},BGISTASK,2022/09/24 08:04:34+00,BGISTASK,2022/09/24 08:04:34+00,1519.15387497392,98385.6247656366
1531,999001532,"Public Service Electric and Gas Company (PSE&G) Northern Inner Ring Transmission Line [Athenia to Kearny; not eligible]",,IDENTIFIED,2013/07/15 04:00:00+00,NO,NO,,,,,,,,,,,,ESS F 948,"Cultural Resources Survey Route 7 MP 6.05 to MP 8.26 Resurfacing and Reconstruction: Belleville Township and Nutley Township, Essex County, New Jersey",2016/11/17 05:00:00+00,Not Eligible,12918,25610901,YES,,,,,NO,,,2014/02/20 05:00:00+00,ARC,9,4,,LOW,HIGH,Prior survey:MULT C 915e ID 10636,591329.673,717459.1509,,{9A375051-18DE-475A-B46C-828F9722A8F9},BGISTASK,2022/09/24 08:04:34+00,BGISTASK,2022/09/24 08:04:34+00,123542.467170571,11563759.2485573
1577,999001578,Morris Canal Historic District Boundary Increase (Sugar House),,ELIGIBLE,2006/07/26 04:00:00+00,NO,NO,,,,,2006/07/26 04:00:00+00,,,1830,1912,,,,,,,,,,,,5733,,NO,,,2019/10/29 04:00:00+00,KEC,7,4,,HIGH,HIGH,ITC Part 1: C to Morris Canal Boundary Increase,620267.88812014,684873.58442699,,{DF1EBECD-DE91-4B81-A363-7447D6235C84},BGISTASK,2022/09/24 08:04:34+00,BGISTASK,2022/09/24 08:04:34+00,798.947260095429,38304.5756641636
1580,999001581,Public Service Electric and Gas Company (PSE&G) Kearny-Essex-Marion Interconnection,,ELIGIBLE,2013/12/31 05:00:00+00,NO,NO,,,,,2013/12/31 05:00:00+00,,,,,,,MULT C 915e,"Intensive-Level Architectural Survey, Northeast Grid Reliability Project, Roseland to Marion 230kv Overhead Transmission Line, PSE&G Services Corporation, Bergen, Essex, Hudson, and Passaic Counties, New Jersey",2013/07/15 04:00:00+00,Eligible,10636,26736273,NO,,,5318,,NO,,,2014/02/20 05:00:00+00,ARC,7,4,"Boundary modified in 2015 to add segment west to Essex Generating Station; Modified 2020 to remove Hudson Generating Station incorrectly included in prior mapping",HIGH,HIGH,,604131.9813,694061.7946,,{8A8F951E-D370-4F11-A2A8-BFF9F0CF0CC7},BGISTASK,2022/09/24 08:04:34+00,BGISTASK,2022/09/24 08:04:34+00,35022.1775504632,7015979.20247783
1590,999001591,Pennsylvania Railroad Harsimus Branch Right-of-Way Historic District,,ELIGIBLE,2017/07/14 04:00:00+00,NO,NO,,,,,2017/07/14 04:00:00+00,,,1868,1915,A C,,HUD AA 893 v2,"Cultural Resources Investigation Appendices, Conrail Harsimus Branch Abandonment (STB Docket No. AB 167 [SUB No. 1189X]), City of Jersey City, Hudson County, NJ",2017/02/24 05:00:00+00,"Not eligible; many potential features non-extant",13019,25630715,YES,,,5573,,NO,,,2017/12/06 05:00:00+00,KEC,7,4,"The indiv. listed resource is a section of this larger ROW. Traced 2017 RGA figures then adjusted against 2015 (extant features), 1987, 1970s orthos. Some sections of RGA's line don't match visible features.",LOW,HIGH,"RGA 1; Identified ROW of the PRR Harsimus Branch, including: Second Bergen Cut; NJJRR Under-Grade Bridge remains; NJJRR-to-Newark Avenue Iron Viaduct (partial), Newark Avenue Under-Grade Bridge; PRR Harsimus Branch Embankment",617254.39594853,689565.64776421,25,{9F60882D-FD09-4D12-ABC7-3AD70F5FD585},BGISTASK,2022/09/24 08:04:34+00,BGISTASK,2022/09/24 08:04:34+00,9648.80783078912,416748.283338918
1613,999001614,William Peter Brewery Company Complex,,ELIGIBLE,1986/04/25 04:00:00+00,NO,NO,,,,,1986/04/25 04:00:00+00,,,,,,,,,,,,,,,,3683,,NO,-561479207,0910-D009,2009/11/10 05:00:00+00,ARC,4,4,,HIGH,MEDIUM,,623601.70973665,705965.20662291,,{BB86D51C-2F5F-459C-BA04-1C3E77DC85DC},BGISTASK,2022/09/24 08:04:34+00,BGISTASK,2022/09/24 08:04:34+00,2402.30518705593,116665.515337851
1626,999004016,"Beckwith-Chandler Co.; Devoe & Raynolds Co.",,IDENTIFIED,2020/03/01 05:00:00+00,NO,NO,,,,,,,,,,,,ESS C 1485,"Intensive - Level Architectural Survey, CenterPoint Rutherford LLC Warehouse Development, Block 5050.01, Lot 15; Block 5056, Lots 26, 86, 89, Newark City, Essex County, New Jersey.",2020/03/01 05:00:00+00,Not eligible,14630,,NO,,,,,NO,,,2021/08/11 04:00:00+00,JMC,7,4,,MEDIUM,HIGH,"constrution date: c. 1924; as a district , the site has lost 42% of buildings present during the period of 1945-1964/1970, and buildings present prior to 1945 have been altered. Remaining bldgs. lack integrity and have physical condition issues",592173.67982398,684679.72057873,,{ADA393DD-7200-46DA-8B9C-A0AE03D3B063},BGISTASK,2022/09/24 08:04:34+00,BGISTASK,2022/09/24 08:04:34+00,3860.73382757736,551177.662961639
1674,999016117,West Twenty-Fourth Street Streetscape,,IDENTIFIED,2000/07/27 04:00:00+00,No,No,,,,,,,,,,,,HUD GB 101 v3,"Historic Sites Reconnaissance Level Survey: Bayonne City, Hudson County, New Jersey [Survey Forms 2 of 10, #061-120]",2000/07/27 04:00:00+00,Potentially Eligible for SR and NR Listing,9971,15473252,No,,,,,No,,075,2022/06/13 04:00:00+00,VMM,7,4,,High,High,,597103.62253756,667901.05198465,,{29BFD854-DF1C-4CE4-B949-0C8A67B3AD91},BGISTASK,2022/09/24 08:04:34+00,BGISTASK,2022/09/24 08:04:34+00,648.490471980984,26125.6360348837
1675,999017317,West Forty Seventh Street Streetscape,,IDENTIFIED,2000/07/27 04:00:00+00,NO,NO,,,,,,,,,,,,HUD GB 101 v4,"Historic Sites Reconnaissance Level Survey: Bayonne City, Hudson County, New Jersey [Survey Forms 3 of 10, #121-180]",2000/07/27 04:00:00+00,Potential Local Landmarks,9972,15473254,NO,,,,,NO,,,2022/06/20 04:00:00+00,VMM,7,4,,HIGH,HIGH,,601655.59383365,673534.51383146,,{E3E754DA-6DB5-4098-9B8D-DB7418781971},BGISTASK,2022/09/24 08:04:34+00,BGISTASK,2022/09/24 08:04:34+00,444.671381357728,12239.2584963194
1681,999017717,West 52nd Street Streetscape,,IDENTIFIED,2000/07/27 04:00:00+00,NO,NO,,,,,,,,,,,,HUD GB 101 v5,"Historic Sites Reconnaissance Level Survey: Bayonne City, Hudson County, New Jersey [Survey Forms 4 of 10, #181-240]",2000/07/27 04:00:00+00,Potential Local Landmark,9973,15473256,NO,,,,,NO,,,2022/06/22 04:00:00+00,VMM,7,4,,HIGH,HIGH,,601422.09470698,675036.56939557,,{A4CBEC33-6414-4B60-9978-94DD84130E17},BGISTASK,2022/09/24 08:04:34+00,BGISTASK,2022/09/24 08:04:34+00,391.569456435171,9579.91336756611
1687,999016518,West Thirty Third Street Streetscape,,IDENTIFIED,2000/07/27 04:00:00+00,NO,NO,,,,,,,,,,,,HUD GB 101 v4,"Historic Sites Reconnaissance Level Survey: Bayonne City, Hudson County, New Jersey [Survey Forms 3 of 10, #121-180]",2000/07/27 04:00:00+00,Potential Local Landmark,9972,15473254,NO,,,,,NO,,126,2022/06/20 04:00:00+00,VMM,7,4,,HIGH,HIGH,,598775.64612854,670826.91865408,,{8C36E912-845B-4B57-8145-03544A9A66EE},BGISTASK,2022/09/24 08:04:34+00,BGISTASK,2022/09/24 08:04:34+00,453.92746393241,12655.3999555963
1696,999018917,Avenue A Streetscape,,IDENTIFIED,2000/07/27 04:00:00+00,NO,NO,,,,,,,,,,,,HUD GB 101 v5,"Historic Sites Reconnaissance Level Survey: Bayonne City, Hudson County, New Jersey [Survey Forms 4 of 10, #181-240]",2000/07/27 04:00:00+00,Potentially Eligible for SR and NR listing,9973,15473256,NO,,,,,NO,,,2022/06/22 04:00:00+00,VMM,7,4,,HIGH,HIGH,,597714.08392455,670716.05837384,,{33374662-3E80-4E72-9E3F-3D8CF1F24140},BGISTASK,2022/09/24 08:04:34+00,BGISTASK,2022/09/24 08:04:34+00,617.520033921581,23408.1236509202
1700,999017318,West 48th Street Streetscape,,IDENTIFIED,2000/07/27 04:00:00+00,NO,NO,,,,,,,,,,,,HUD GB 101 v4,"Historic Sites Reconnaissance Level Survey: Bayonne City, Hudson County, New Jersey [Survey Forms 3 of 10, #121-180]",2000/07/27 04:00:00+00,Potentially Eligible for SR and NR Listing,9972,15473254,NO,,,,,NO,,,2022/06/21 04:00:00+00,VMM,7,4,,HIGH,HIGH,,600203.06694215,674764.62350673,,{A0A476D1-5BC3-47FC-B701-D22675999BBD},BGISTASK,2022/09/24 08:04:34+00,BGISTASK,2022/09/24 08:04:34+00,1000.86091845736,33545.6152785739
1716,999019318,Avenue C Streetscape,,IDENTIFIED,2000/07/27 04:00:00+00,NO,NO,,,,,,,,,,,,HUD GB 101 v8,"Historic Sites Reconnaissance Level Survey: Bayonne City, Hudson County, New Jersey [Survey Forms 7 of 10, #341-380]",2000/07/27 04:00:00+00,Potential Local Landmark,9976,15473262,NO,,,,,NO,,,2022/06/30 04:00:00+00,VMM,7,4,,HIGH,HIGH,,601736.72663665,674438.578555,,{EB27FF2A-D1FD-4DC9-8577-6081F52DC120},BGISTASK,2022/09/24 08:04:34+00,BGISTASK,2022/09/24 08:04:34+00,498.867806249653,14938.2205261533
